Consultas principales,Clics,Impresiones,CTR,Posición
calculadora de liquidación perú 2026,3,39,7.69%,9.64
calculadora de liquidación perú,3,38,7.89%,21.82
calcular liquidación nicaragua 2026,1,229,0.44%,9.28
calculadora de liquidación nicaragua,1,151,0.66%,11.43
tabla de liquidacion laboral 2026,1,12,8.33%,5.92
calcular salario neto nicaragua,1,8,12.50%,7.88
calculadora de liquidación panamá,1,3,33.33%,14.33
calculadora de liquidación laboral gratis costa rica,1,1,100%,3
calcular liquidacion costa rica,1,1,100%,46
calculo de vacaciones,0,78,0%,78.14
calculadora laboral,0,72,0%,54.74
calculadora salarial colombia,0,60,0%,66.25
salario neto,0,57,0%,24.35
calculadora de liquidación en nicaragua,0,54,0%,10
liquidacion,0,52,0%,59.08
calculadora de vacaciones nicaragua,0,49,0%,8.47
calculadora salarial empleador,0,45,0%,74.73
calcular liquidacion en nicaragua 2026,0,40,0%,9.4
calculadora salarial colombia 2024,0,40,0%,47.15
sueldo neto,0,39,0%,38.59
calculo prestaciones sociales,0,39,0%,80.49
vacaciones,0,37,0%,66.05
calculo de prestaciones sociales,0,37,0%,80.32
prestaciones sociales calculo,0,36,0%,82.69
liquidacion laboral,0,35,0%,56.94
calculo de prestaciones sociales en colombia,0,34,0%,71.82
calculadora salarial colombia 2021,0,31,0%,42.97
tabla para calcular vacaciones,0,31,0%,77.81
calculadora laboral gratuita,0,30,0%,46.63
calculo de liquidacion,0,29,0%,64.93
formula vacaciones,0,28,0%,73
calcular vacaciones nicaragua,0,26,0%,15.88
calcular intereses de cesantias simulador,0,26,0%,70.92
calculadora de finiquito,0,26,0%,87.85
calcular salario neto,0,25,0%,23.44
calcular sueldo neto,0,25,0%,65.08
sueldo bruto a neto,0,25,0%,73.52
salario neto nicaragua,0,24,0%,9.33
calculadora laboral colombia,0,22,0%,44.14
calculadora de salario,0,22,0%,66.45
calculo de salario el salvador,0,21,0%,47.62
calcular liquidacion 2021,0,21,0%,69.05
vacaciones en costa rica,0,20,0%,48.9
calculadora de liquidacion laboral gratis colombia,0,20,0%,56.5
liquidacion de sueldo,0,20,0%,73.5
calculo de prestaciones,0,20,0%,75.35
liquidaciones de sueldo online gratis,0,19,0%,74.42
simulador de finiquito,0,19,0%,91.58
simulador de liquidación laboral colombia,0,18,0%,74
calcular cesantias,0,17,0%,58.76
calculador de cesantias,0,17,0%,68.82
calculadora salarial,0,17,0%,73.41
calcular sueldo,0,17,0%,73.53
calculadora liquidacion nicaragua,0,16,0%,9.44
calculadora de prima,0,16,0%,45.44
calculadora de liquidacion,0,16,0%,56
calculadora de cesantías,0,16,0%,60.88
calculadora ministerio de trabajo,0,16,0%,64.94
salario bruto a neto,0,16,0%,67.75
calculadora de sueldo neto,0,16,0%,71.69
calcular vacaciones,0,16,0%,73.81
indemnización por despido,0,16,0%,74.06
liquidacion sueldo,0,15,0%,67.93
calculo liquidacion de sueldo,0,15,0%,69.8
sueldo bruto,0,15,0%,82.67
calculo indemnizacion,0,15,0%,85.47
bruto y neto,0,14,0%,81.5
calculo de indemnizacion,0,14,0%,81.93
calculadora finiquito,0,14,0%,87.5
liquidacion nicaragua,0,13,0%,33.15
calculo de vacaciones en chile,0,13,0%,73.54
calculadora de sueldo,0,13,0%,74.62
cálculo de indemnizaciones,0,13,0%,78.77
simulador de pago de vacaciones,0,13,0%,82.77
calculo de sueldos,0,13,0%,86.85
liquidacion nicaragua calculadora,0,12,0%,10
calculo de liquidacion nicaragua,0,12,0%,24.75
calculo de vacaciones en nicaragua,0,12,0%,35.25
vacaciones honduras,0,12,0%,56.67
calculadora salario,0,12,0%,63
calculo de aguinaldo,0,12,0%,71.08
calculadora de salario colombia,0,12,0%,73.92
calculadora liquidacion prestaciones sociales,0,12,0%,80.5
calculadora de liquidación 2023,0,12,0%,87
calcular sueldo neto peru,0,11,0%,43.36
liquidaciones laborales,0,11,0%,51
calcular liquidación perú,0,11,0%,53.55
calculadora sueldo neto,0,11,0%,54.55
calculadora de liquidacion laboral colombia,0,11,0%,57.91
calcular cesantias 2024,0,11,0%,58
calculadora de liquidación,0,11,0%,64.27
liquidacion de trabajo,0,11,0%,65.09
"""plausible analytics""",0,11,0%,66.91
calculadora de horas extras 2022,0,11,0%,68.27
calculadora de cesantias,0,11,0%,69
salario bruto,0,11,0%,77.36
liquidacion nomina,0,11,0%,78.18
simulador finiquito,0,11,0%,94.09
calculadora de cesantías colombia,0,10,0%,61
calcular liquidacion,0,10,0%,61.5
calculador de sueldos,0,10,0%,73.4
calculadora liquidacion de prestaciones sociales,0,10,0%,81.4
calculadora de indemnizacion argentina,0,10,0%,85.5
simulador finiquito chile,0,10,0%,89.5
calculadora de sueldo peru,0,9,0%,55.44
calcular liquidacion laboral,0,9,0%,59.22
calculadora cesantias,0,9,0%,60.44
calculadora de cotizaciones,0,9,0%,63.44
calculador de sueldo,0,9,0%,72.44
calculadora de aportes,0,9,0%,73.89
calculo de liquidacion de sueldo,0,9,0%,75
liquidacion de sueldos online gratis,0,9,0%,75.56
calcular dinero de vacaciones,0,9,0%,83.78
calculadora para indemnizacion,0,9,0%,87.44
calculo vacaciones proporcionales,0,9,0%,93.44
calculadora de vacaciones,0,8,0%,38.62
calculo de sueldo neto peru,0,8,0%,40.62
calculadora prima,0,8,0%,50
calcular liquidación laboral,0,8,0%,57.25
liquidación laboral,0,8,0%,60.38
calculo sueldo,0,8,0%,70.88
como sacar mi liquidación laboral,0,8,0%,72
calculo planilla peru,0,8,0%,72.5
liquidacion de nomina,0,8,0%,73.62
pago de vacaciones,0,8,0%,76.62
calculadora prestacion de servicios,0,8,0%,77
formulas para liquidar,0,8,0%,77.62
calcular dias de vacaciones,0,8,0%,78.25
calculadora intereses de cesantias,0,8,0%,78.38
calculo de prestaciones laborales mexico,0,8,0%,80.62
calculadora de indemnización,0,8,0%,86.25
liquidacion final por despido,0,8,0%,87.75
"""vacaciones en honduras"" -site:reddit.com -site:twitter.com -site:x.com 
-site:wykop.pl -site:tripadvisor.com -site:youtube.com -site:yelp.com 
-site:booking.com -site:facebook.com -site:instagram.com -site:tiktok.com",0,7,0%,3
calculador de liquidacion nicaragua,0,7,0%,9.29
calculadora de liquidación costa rica,0,7,0%,20.71
generador de contratos,0,7,0%,26.43
calculadora de liquidación 2026,0,7,0%,28.14
sueldo bruto a neto peru,0,7,0%,34.14
aguinaldo y bonos,0,7,0%,35.43
calculo de liquidacion panama,0,7,0%,38.43
aguinaldo proporcional,0,7,0%,49.71
calculadora de prima 2023,0,7,0%,50
como calcular liquidacion en panama,0,7,0%,52.57
calcular liquidacion peru,0,7,0%,57.14
calculadora sueldo peru,0,7,0%,60.43
mi calculadora laboral,0,7,0%,62.71
calculadora sueldo,0,7,0%,64.14
sueldo calculadora,0,7,0%,64.86
calculo de cesantias,0,7,0%,66.86
liquidaciones de sueldo,0,7,0%,67.57
cálculo de vacaciones,0,7,0%,70.57
hoja de calculo de prestaciones,0,7,0%,71
sueldo bruto calculadora,0,7,0%,73.14
calculadora sueldo bruto,0,7,0%,74.14
calculo de sueldo,0,7,0%,74.14
calcular finiquito mexico,0,7,0%,76.57
calcular aguinaldo,0,7,0%,83
calculo prestaciones,0,7,0%,83.86
calculo de remuneraciones,0,7,0%,96
finiquito justo,0,6,0%,5.17
calcular liquidacion nicaragua,0,6,0%,32
salario neto mexico,0,6,0%,37.5
liquidación,0,6,0%,43.83
liquidaciones,0,6,0%,45.17
la mejor calculadora laboral,0,6,0%,46
vacaciones en peru,0,6,0%,47.17
calculadora salario neto,0,6,0%,49.33
calcular liquidación en perú,0,6,0%,50.67
impuesto unico,0,6,0%,51.17
calculadora de liquidacion colombia,0,6,0%,54
salario,0,6,0%,56.17
cesantias calculo,0,6,0%,57.17
como calcular mi liquidacion en panama,0,6,0%,61
calculadora liquidacion de sueldo,0,6,0%,61.33
calcular pago,0,6,0%,61.33
calcular liquidacion mexico,0,6,0%,63.67
calculadora de seguridad social,0,6,0%,66.83
calculadora de cesantias e intereses,0,6,0%,67
calculadora aportes,0,6,0%,69.33
liquidar vacaciones,0,6,0%,69.67
calcula sueldo,0,6,0%,72.17
calculadora de sueldos,0,6,0%,73.67
calculadora salarial 2024,0,6,0%,74.17
calculadora salario integral,0,6,0%,74.67
liquidacion empleada domestica por dias calculadora,0,6,0%,75.33
calculo sac proporcional,0,6,0%,75.83
calcular pago de vacaciones,0,6,0%,76.83
calcular el sueldo,0,6,0%,78
cual es el sueldo neto,0,6,0%,78.17
liquidador de nomina,0,6,0%,80.33
calculo de remuneraciones online,0,6,0%,80.67
calculadora salarial 2025,0,6,0%,81.17
calcular sueldos,0,6,0%,81.33
cálculo para pagar vacaciones,0,6,0%,83
calcular salario,0,6,0%,83.5
calculo indemnizacion laboral,0,6,0%,83.5
simulador liquidacion de sueldo,0,6,0%,83.67
tabla vacaciones,0,6,0%,84.83
cálculo de nómina,0,6,0%,85.33
feriado proporcional,0,6,0%,87.5
tabla de vacaciones,0,6,0%,87.67
indemnizacion por antiguedad calculo,0,6,0%,88.5
calculadora sueldo liquido,0,6,0%,91.67
calcular finiquito online,0,6,0%,96.33
calculadora de nomina,0,6,0%,99.33
sueldo justo,0,5,0%,5.4
calculadora de liquidacion 2026,0,5,0%,8.8
salario neto mensual,0,5,0%,27.2
calculadora sueldo neto peru,0,5,0%,28
calculadora salario neto peru,0,5,0%,30.6
calculo de liquidacion guatemala,0,5,0%,37.8
calcular seguro social panama,0,5,0%,43.4
art 241 et,0,5,0%,44
calculadora liquidación,0,5,0%,48.2
como calcular mi liquidacion en nicaragua,0,5,0%,48.4
sueldo neto peru,0,5,0%,48.6
como se calcula el aguinaldo en nicaragua,0,5,0%,51.6
vacaciones en guatemala,0,5,0%,52.2
bruto a neto mexico,0,5,0%,52.8
calculadora vacaciones truncas,0,5,0%,53.6
calculadora de cts,0,5,0%,55.2
calculo de aguinaldo en nicaragua,0,5,0%,58.8
calcular subsidio,0,5,0%,59
calculadora de prestaciones,0,5,0%,59.4
app liquidacion de sueldo,0,5,0%,60.6
calculo de prestaciones panama,0,5,0%,63.8
calculadora de salario neto,0,5,0%,66.2
calculadora de intereses de cesantías,0,5,0%,67.2
calcular aguinaldo proporcional,0,5,0%,68
sueldo calcular,0,5,0%,70.2
valor vacaciones,0,5,0%,70.4
calculadora intereses de cesantías,0,5,0%,72
calcular salario bruto,0,5,0%,72
neto y bruto,0,5,0%,72.2
sueldo en mano,0,5,0%,72.4
calculadora salario liquido,0,5,0%,72.6
calculadora prima antiguedad,0,5,0%,73.6
como saber cuanto tengo que cobrar de liquidacion,0,5,0%,73.8
sueldo bruto calcular,0,5,0%,73.8
como calcular mi sueldo liquido,0,5,0%,74
calcular neto,0,5,0%,75.6
calculo liquidacion sueldo,0,5,0%,75.6
calcular liquidación,0,5,0%,76
como calcular la indemnización en el salvador,0,5,0%,76.2
cuanto pagan de liquidacion por un año,0,5,0%,76.2
calcular sueldo bruto,0,5,0%,76.4
salario neto y bruto,0,5,0%,76.6
sueldo liquido,0,5,0%,76.8
bruto a neto,0,5,0%,77
calcular feriado proporcional online,0,5,0%,77
calculadora de salarios,0,5,0%,80
simulador de pago de vacaciones chile,0,5,0%,80.6
marin pistachia calculadora indemnizacion,0,5,0%,81.2
calculadora de sueldo base,0,5,0%,81.8
sueldo neto a bruto,0,5,0%,82.6
calculadora despido,0,5,0%,83.8
como calcular liquidación de sueldo,0,5,0%,85.8
vacaciones proporcionales,0,5,0%,86.6
calculadora indemnizacion,0,5,0%,88
pago vacaciones proporcionales,0,5,0%,88.4
como se calcula la liquidacion de un trabajador,0,5,0%,90.4
calculadora indemnizacion por despido,0,5,0%,90.8
calcular liquidación nicaragua,0,4,0%,17
calcular mi liquidacion nicaragua,0,4,0%,20
calcular salario neto colombia,0,4,0%,21.25
saldo neto,0,4,0%,21.75
css carta de trabajo,0,4,0%,22
calcular salario nicaragua,0,4,0%,34.5
calculadora de liquidación laboral gratis,0,4,0%,36
aguinaldo,0,4,0%,38.5
calculadora de prestaciones honduras,0,4,0%,40.5
como calcular la liquidación en guatemala,0,4,0%,41
impuesto sobre la renta panamá,0,4,0%,42.25
calculadora gratificación,0,4,0%,43.25
calcular liquidacion en nicaragua,0,4,0%,46
calculadora de salario el salvador,0,4,0%,46.25
calculadora de descuentos el salvador,0,4,0%,46.5
calcular liquidacion panama,0,4,0%,46.5
calcular sueldo neto perú,0,4,0%,46.5
calculo de prestaciones laborales,0,4,0%,49.5
calculadora de liquidación colombia,0,4,0%,50.75
calculadora de aguinaldo,0,4,0%,51.75
calculo de salario en el salvador,0,4,0%,52
calculo de prestaciones laborales guatemala,0,4,0%,54
liquidacion laboral colombia,0,4,0%,54
como sacar liquidacion en nicaragua,0,4,0%,55.5
calculadora de liquidación laboral,0,4,0%,56.5
como calcular las vacaciones en nicaragua,0,4,0%,57.5
cáculo de cesantías,0,4,0%,57.5
calculadora salarial colombia 2026,0,4,0%,58
calculo salario costa rica,0,4,0%,58
calculadora de vacaciones mexico,0,4,0%,58.75
contratos online,0,4,0%,58.75
calcular vacaciones truncas,0,4,0%,59.5
calculadora de sueldo neto argentina,0,4,0%,59.75
calculador de prima,0,4,0%,60
liquidacion empleado,0,4,0%,60
calculadora cesantias e intereses,0,4,0%,60.5
liquidacion de sueldo peru,0,4,0%,60.5
liquidacion de vacaciones,0,4,0%,60.75
liquidacion de,0,4,0%,61.75
simulador de liquidacion de sueldo,0,4,0%,63
calculadora sueldos,0,4,0%,65.5
calculadora de intereses a las cesantias,0,4,0%,66.25
calculadora salarial 2026,0,4,0%,66.25
liquidacion trabajador,0,4,0%,68.5
calculadora vacaciones progresivas,0,4,0%,70.75
calcular liquidacion de sueldo,0,4,0%,71.5
calcular mi sueldo,0,4,0%,71.5
bruto neto,0,4,0%,73
liquidación de sueldo,0,4,0%,73.5
calculadora de liquidación méxico 2022,0,4,0%,74
calculadora liquidacion,0,4,0%,74.5
como calcular vacaciones,0,4,0%,74.75
cálculo de liquidación por cambio de razón social,0,4,0%,74.75
calculadora remuneraciones,0,4,0%,75
indemnización por despido argentina,0,4,0%,75.25
calculadora para liquidar empleada domestica,0,4,0%,75.75
calcular el sueldo bruto,0,4,0%,77.25
calculo de aguinaldo proporcional,0,4,0%,77.25
calculo prestaciones laborales,0,4,0%,77.25
calcular liquidacion sueldo,0,4,0%,78
calculador de remuneraciones,0,4,0%,78.75
como se calculan las vacaciones,0,4,0%,79.25
liquidación de sueldos argentina,0,4,0%,80
como sacar la liquidacion de un trabajador,0,4,0%,80.25
calculadora de descuentos de sueldo,0,4,0%,81.25
sacar liquidaciones de sueldo,0,4,0%,81.75
calcular sueldo online,0,4,0%,83
formula de vacaciones,0,4,0%,84
calculadora de finiquito 2023,0,4,0%,84.5
como calcular mi sueldo,0,4,0%,85.5
calculo vacaciones,0,4,0%,85.75
tabla vacaciones 2024,0,4,0%,88
calcular finiquito chile,0,4,0%,89
calculo de beneficios sociales,0,4,0%,89.5
calculadora de despido injustificado,0,4,0%,89.75
calculadora de indemnizacion,0,4,0%,90.5
calculadora salarial 2023,0,4,0%,91
simulador calculo de finiquito,0,4,0%,91.25
calculadora de finiquito gratuita,0,4,0%,91.75
calculadora de sueldo liquido chile,0,4,0%,97.75
simulador de finiquito online,0,4,0%,97.75
calculadora de salario neto nicaragua,0,3,0%,5.33
calculadora deducciones salario,0,3,0%,8
calculadora ministerio de trabajo costa rica,0,3,0%,9.33
calculadora de liquidacion nicaragua,0,3,0%,10
calcular salario neto costa rica,0,3,0%,18
liquidacion en nicaragua,0,3,0%,21.33
mi salario,0,3,0%,22.33
calculadora salarial costa rica ministerio de trabajo,0,3,0%,27
liquidacion calculo,0,3,0%,30.33
impuesto sobre la renta,0,3,0%,31
contract colombia,0,3,0%,33
calcular salario neto el salvador,0,3,0%,33.33
calculo salario el salvador,0,3,0%,38.33
vacaciones en perú,0,3,0%,41
como calcular liquidacion panama,0,3,0%,41.67
sueldo neto argentina,0,3,0%,44
nuevo calculo,0,3,0%,44.33
salario liquido,0,3,0%,45
como calcular liquidacion peru,0,3,0%,45.33
calculadora laboral 2026,0,3,0%,45.67
como calcular las vacaciones en costa rica,0,3,0%,46.33
calculo de prestaciones honduras,0,3,0%,46.67
como se calcula la cesantia en costa rica,0,3,0%,47
cálculo de vacaciones en honduras,0,3,0%,47.33
calculadora primas,0,3,0%,47.67
formula para liquidar prima vacaciones y cesantias,0,3,0%,48.67
calculadora para cesantías,0,3,0%,49.33
liquidador de cesantias,0,3,0%,49.33
art 245 lct,0,3,0%,50.67
calculadora de horas extras costa rica,0,3,0%,50.67
calculo salario,0,3,0%,50.67
calculo de prima de antiguedad en panama,0,3,0%,51
cálculo de cesantías,0,3,0%,52.33
liquidador de prima,0,3,0%,52.33
aguinaldo calculadora,0,3,0%,52.67
calculadora vacaciones,0,3,0%,54.33
liquidacion empleados,0,3,0%,54.33
calcular liquidacion en colombia,0,3,0%,57
vacaciones colombia,0,3,0%,58
liquidacion guatemala,0,3,0%,58.33
mi liquidacion laboral,0,3,0%,58.33
pago neto,0,3,0%,58.33
calculadora laboral prima,0,3,0%,59
simulador de liquidacion en mexico,0,3,0%,60
calculadora de intereses de cesantias 2024,0,3,0%,60.33
calcular liquidaciones,0,3,0%,60.33
calculo salario liquido,0,3,0%,61.33
salario bruto calculadora,0,3,0%,61.67
calculadora de indemnización colombia,0,3,0%,62
dias vacaciones argentina,0,3,0%,63
calculadora de liquidacion en mexico,0,3,0%,63.33
calculo de salario en nicaragua,0,3,0%,64
calcular salario liquido,0,3,0%,64.33
calculadora de liquidacion laboral,0,3,0%,64.67
calculo salario bruto a neto mexico,0,3,0%,64.67
calculadora de interes de cesantias,0,3,0%,65
indemnizacion preaviso,0,3,0%,65
liquidar vacaciones calculadora,0,3,0%,65
calculadora de salario neto mexico,0,3,0%,67.33
liquidador de cesantias e intereses,0,3,0%,67.33
ministerio de trabajo calculo,0,3,0%,67.67
liquidacion de salario,0,3,0%,68
liquidacion peru,0,3,0%,68
sacar liquidacion de sueldo online,0,3,0%,68
vacaciones mexico,0,3,0%,68
calculadora salarial liquidacion,0,3,0%,68.67
calculadora sueldo neto méxico,0,3,0%,69
calcular descuentos legales,0,3,0%,69
calcular sueldo neto ley beckham,0,3,0%,69.33
calculo indemnizacion años de servicio,0,3,0%,69.33
cuantas gratificaciones hay al año,0,3,0%,69.33
ingreso neto,0,3,0%,69.33
claculadora salarial,0,3,0%,71.67
como calcular aguinaldo en nicaragua,0,3,0%,71.67
indemnizacion art 245,0,3,0%,71.67
calculadora de indemnizacion el salvador,0,3,0%,72
calcular el aguinaldo,0,3,0%,72
calculo sueldo bruto,0,3,0%,72
cual es mi sueldo neto mensual,0,3,0%,72
calculadora salarial colombia 2023,0,3,0%,72.67
calculadora seguridad social,0,3,0%,72.67
liquidacion de sueldo chile,0,3,0%,72.67
calculo de aguinaldo en el salvador,0,3,0%,73
calcular aguinaldo y prima vacacional,0,3,0%,73.33
liquidacion de sueldos,0,3,0%,74.33
remuneracion bruta y neta,0,3,0%,75
simulador de nomina,0,3,0%,75
calculo preaviso,0,3,0%,75.33
descuentos de ley,0,3,0%,75.33
calculadora para liquidar un trabajador,0,3,0%,75.67
calculadora salarial mexico,0,3,0%,76
calculadora salario bruto,0,3,0%,76
calculo de salario,0,3,0%,76
liquidacion de un empleado,0,3,0%,76
calculadora para liquidar cesantias,0,3,0%,76.33
como calcular mi liquidacion,0,3,0%,76.33
total haberes,0,3,0%,76.33
calculadora de aportes en linea,0,3,0%,76.67
calcular pago de seguridad social,0,3,0%,76.67
como calcular el aguinaldo,0,3,0%,76.67
calculadora intereses cesantias,0,3,0%,77
como calcular la liquidacion de cesantias,0,3,0%,77
simulador liquidaciones de sueldo,0,3,0%,77.33
calculo prestaciones laborales mexico,0,3,0%,77.67
calcular las cesantias,0,3,0%,78
calculo dias de vacaciones colombia,0,3,0%,78.33
cuanto me toca de liquidación si renuncio voluntariamente guatemala,0,3,0%,78.33
cálculo de vacaciones en chile,0,3,0%,78.67
simular liquidación,0,3,0%,78.67
como se saca la liquidacion,0,3,0%,79.33
calculdora sueldo neto,0,3,0%,79.67
como liquidar vacaciones,0,3,0%,80.67
cuanto son las vacaciones de un año,0,3,0%,80.67
de bruto a neto,0,3,0%,80.67
liquidador de liquidacion,0,3,0%,80.67
calcular mi liquidacion de sueldo,0,3,0%,81
calcular mi sueldo neto,0,3,0%,81.33
calculo de vacaciones liquidacion,0,3,0%,81.67
cómo liquidar vacaciones por jornal,0,3,0%,81.67
calcular salario mensual,0,3,0%,82
calcular sueldo bruto a neto,0,3,0%,82
cálculo de finiquito con licencia médica,0,3,0%,82.67
liquidacion de remuneraciones,0,3,0%,83
como liquidar feriado trabajado,0,3,0%,83.67
como sacar el salario neto mensual,0,3,0%,84
calcular liquidacion final por renuncia argentina,0,3,0%,84.33
como calcular sueldo bruto,0,3,0%,84.33
calcular vacaciones argentina,0,3,0%,85
calculadora de la liquidacion,0,3,0%,85.33
calculadora de vacaciones proporcionales,0,3,0%,85.33
calculo indemnizacion por trabajo no registrado,0,3,0%,85.67
calculadora liquido,0,3,0%,86
como calcular las vacaciones,0,3,0%,86
calculo de pago de vacaciones,0,3,0%,86.33
vacaciones pagadas calculo,0,3,0%,86.33
calculadora de fondo de cese laboral,0,3,0%,86.67
calculadora de liquido,0,3,0%,87
calcular indemnización por cierre de empresa en colombia,0,3,0%,87
calcular mi liquidacion,0,3,0%,87
calculo de nomina,0,3,0%,87
calculadora aguinaldo 2023,0,3,0%,87.67
calculo remuneraciones,0,3,0%,88.33
calcular mi salario mensual,0,3,0%,89
calculadora de art,0,3,0%,89.33
simulador de remuneraciones,0,3,0%,89.33
calcular liquidacion final,0,3,0%,89.67
liquidacion remuneraciones,0,3,0%,89.67
sueldo neto y bruto,0,3,0%,89.67
calcular una liquidacion de sueldo,0,3,0%,90
calculo de indemnizacion laboral,0,3,0%,90
calculadora de sueldo neto 2023,0,3,0%,90.33
calculo de remuneraciones en chile,0,3,0%,90.33
calcular indemnizacion,0,3,0%,90.67
calculo de despido injustificado,0,3,0%,90.67
calculo de isr liquidacion laboral,0,3,0%,90.67
remuneracion bruta,0,3,0%,90.67
como se calcula las vacaciones,0,3,0%,91
descuento de sueldo bruto a neto,0,3,0%,91.33
como calcular mis vacaciones,0,3,0%,92.33
calculadora de sueldo liquido,0,3,0%,93
calculadora de indemnización por despido,0,3,0%,95
calculo indemnizacion por despido,0,3,0%,95.33
calculo de finiquito chile,0,3,0%,96.67
"""vacaciones en el salvador"" -site:reddit.com -site:twitter.com -site:x.com 
-site:wykop.pl -site:tripadvisor.com -site:youtube.com -site:yelp.com 
-site:booking.com -site:facebook.com -site:instagram.com -site:tiktok.com",0,2,0%,1
salario neto.,0,2,0%,5.5
si,0,2,0%,5.5
calcular deducciones de salario,0,2,0%,6
calculadora de liquidación ministerio de trabajo costa rica,0,2,0%,6.5
calculadora liquidación 2026,0,2,0%,6.5
calcular mi salario neto,0,2,0%,7.5
calculadora de salario costa rica,0,2,0%,8
calculadora liquidacion 2026,0,2,0%,8
calculo salario neto,0,2,0%,8
calculadora liquidación laboral costa rica,0,2,0%,8.5
salario despues de deducciones,0,2,0%,8.5
salario neto calcular,0,2,0%,8.5
calculador de salario neto,0,2,0%,9
calculo de salario menos impuestos,0,2,0%,9
calculo liquidacion 2026,0,2,0%,9
calculo de liquidacion costa rica,0,2,0%,9.5
calculadora de cesantías 2026,0,2,0%,11
bono aguinaldo,0,2,0%,15.5
calculadora de deducciones nicaragua,0,2,0%,15.5
calculadora de liquidacion en nicaragua,0,2,0%,18
liquidación nicaragua,0,2,0%,18
calculo de liquidacion laboral 2026,0,2,0%,19
liquidación laboral nicaragua,0,2,0%,19
calculadora de liquidacion peru,0,2,0%,19.5
como calcular liquidacion en nicaragua,0,2,0%,20.5
calcular la liquidación en nicaragua,0,2,0%,21
dele peso a sus pesos liquidación,0,2,0%,22
cálculo de liquidación,0,2,0%,23.5
carta de trabajo css,0,2,0%,24.5
creador de contratos,0,2,0%,29.5
como calcular liquidacion nicaragua,0,2,0%,30.5
salario menos impuestos,0,2,0%,32
calculadora aguinaldo costa rica,0,2,0%,32.5
calculadora de vacaciones 2026,0,2,0%,34
calculadora laborar,0,2,0%,34
calculadora mtss,0,2,0%,34.5
calculadora laboral perú,0,2,0%,35
sueldo bruto a neto argentina,0,2,0%,36.5
calculadora patronal,0,2,0%,37
calculadora de aguinaldo nicaragua,0,2,0%,37.5
calcular isss y afp,0,2,0%,39.5
como calcular la liquidacion peru,0,2,0%,40
calculo de vacaciones costa rica,0,2,0%,40.5
sueldo bruto y neto argentina,0,2,0%,40.5
como se calcula la indemnización en nicaragua,0,2,0%,41.5
calcular liquidación guatemala,0,2,0%,42
aguinaldo proporcional nicaragua,0,2,0%,42.5
como se calcula el aguinaldo en costa rica,0,2,0%,43
calculadora para liquidar prima,0,2,0%,43.5
salario costa rica,0,2,0%,45
calculadora laboral gratis colombia,0,2,0%,45.5
calcular prima 2026,0,2,0%,46
mi salario sv,0,2,0%,46
calculadora de prestaciones laborales honduras,0,2,0%,46.5
como calcular mi liquidacion peru,0,2,0%,46.5
ministerio de trabajo liquidacion,0,2,0%,46.5
servicio de cálculo de salarios en honduras,0,2,0%,47
impuesto sobre la renta panama,0,2,0%,47.5
calculadora de prima colombia,0,2,0%,48
calcular cts,0,2,0%,48
como se calcula la liquidacion peru,0,2,0%,48
art 241 estatuto tributario,0,2,0%,48.5
calculadora de pago de vacaciones,0,2,0%,48.5
calcular aguinaldo costa rica,0,2,0%,48.5
calculadora de liquidación de beneficios sociales,0,2,0%,49
calculadora de prestaciones laborales guatemala,0,2,0%,49
calcular sueldo el salvador,0,2,0%,49
deducciones de salario,0,2,0%,49.5
calculo de sueldo el salvador,0,2,0%,50
liquidacion calculadora,0,2,0%,50
simulador de cesantías,0,2,0%,50
como calcular mi salario neto,0,2,0%,50.5
cuanto es el salario minimo neto en colombia,0,2,0%,50.5
dias de vacaciones en argentina,0,2,0%,50.5
vacaciones costa rica,0,2,0%,50.5
245 ley de contrato de trabajo,0,2,0%,51
calculadora liquidacion laboral,0,2,0%,51
indemnización laboral nicaragua,0,2,0%,51
liquidación calculadora laboral,0,2,0%,51
calculador sueldo,0,2,0%,51.5
calculo inss,0,2,0%,51.5
calculo de liquidacion en panama,0,2,0%,52
calcular prestaciones laborales,0,2,0%,52.5
calcular descuentos de ley el salvador,0,2,0%,53
calcular indemnización guatemala,0,2,0%,53
impuesto sobre la renta costa rica,0,2,0%,53
como sacar primas y cesantias,0,2,0%,53.5
salario bruto y neto argentina,0,2,0%,54
como se calcula la prima de antiguedad en panama,0,2,0%,54.5
mtss calculadora,0,2,0%,54.5
liquidacion de sueldo en chile,0,2,0%,55
remuneracion neta,0,2,0%,55
calculadora cts,0,2,0%,55.5
liquidación de sueldo online gratis,0,2,0%,55.5
calcular prima colombia,0,2,0%,56.5
simulador liquidacion de cesantias,0,2,0%,56.5
vacaciones chile,0,2,0%,56.5
calculadora de utilidades perú,0,2,0%,57
calculo de prestaciones ministerio de trabajo guatemala,0,2,0%,57
liquidacion salario,0,2,0%,57.5
calculadora de liquidación laboral gratis excel,0,2,0%,58.5
calculadora de trabajo,0,2,0%,58.5
calculo de aguinaldos,0,2,0%,58.5
como se calcula el preaviso en costa rica,0,2,0%,58.5
salario bruto y neto,0,2,0%,58.5
salario el salvador,0,2,0%,58.5
calcula liquidacion de sueldo,0,2,0%,59
salario con descuentos,0,2,0%,59
calcular mis cesantías,0,2,0%,59.5
calculo de ir nicaragua,0,2,0%,59.5
calculando prestaciones y derechos de los trabajadores,0,2,0%,60
calcular sueldo neto méxico,0,2,0%,60
ley seguro de cesantia,0,2,0%,60
liquidacion anual,0,2,0%,60
calculadora intereses de cesantías 2024,0,2,0%,60.5
cesantia costa rica,0,2,0%,60.5
como se calcula la liquidacion en panama,0,2,0%,60.5
neto a bruto mexico,0,2,0%,60.5
como calcular las vacaciones en panama,0,2,0%,61
cálculo de indemnización por despido por embarazo colombia,0,2,0%,61
liquidacion colombia,0,2,0%,61
seguro de cesantia,0,2,0%,61
como se calculan las cesantias,0,2,0%,61.5
cálculo de indemnización el salvador excel,0,2,0%,61.5
calculo de cesantias 2024,0,2,0%,62
calculo de vacaciones en panama,0,2,0%,62
cálculo de salario el salvador,0,2,0%,62
calculadora neto,0,2,0%,62.5
como se calculan las vacaciones en panama,0,2,0%,62.5
mi calculadora mintrabajo,0,2,0%,62.5
calculadora liquidación laboral,0,2,0%,63
porcentaje de vacaciones,0,2,0%,63
calculadora de liquidación 2022,0,2,0%,63.5
calcular sueldo neto peru 2019,0,2,0%,63.5
calculo de salario bruto a neto en mexico,0,2,0%,63.5
cuanto equivale las vacaciones,0,2,0%,63.5
liquidación de prima calculadora,0,2,0%,63.5
sueldo bruto a neto mexico,0,2,0%,63.5
vacaciones truncas calculo,0,2,0%,64
liquidacion online,0,2,0%,64.5
calculo salarial,0,2,0%,65
como calcular la indemnización en guatemala,0,2,0%,65
como se calculan las vacaciones en costa rica,0,2,0%,65
sac sobre preaviso,0,2,0%,65
calculadora del trabajo,0,2,0%,65.5
calculadora laboral ministerio de trabajo,0,2,0%,65.5
calculo de vacaciones en colombia,0,2,0%,65.5
liquidacion de sueldo calculadora,0,2,0%,65.5
liquidacion mexico,0,2,0%,65.5
calculadora de prima de servicios,0,2,0%,66
calculadora sueldo bruto a neto mexico,0,2,0%,66
calcular mi liquidacion peru,0,2,0%,66
como calcular las vacaciones en colombia,0,2,0%,66
como hacer calculo de liquidacion laboral,0,2,0%,66
vacaciones en panama,0,2,0%,66
cesantias calcular,0,2,0%,66.5
ministerio de trabajo calculadora,0,2,0%,66.5
calcular liquidacion 2026,0,2,0%,67
calculadora laboral ministerio del trabajo,0,2,0%,67.5
vacaciones argentina,0,2,0%,67.5
calcular liquidacion mexico 2026,0,2,0%,68
calculo cesantias,0,2,0%,68
sueldo neto y sueldo bruto,0,2,0%,68.5
calculo laboral,0,2,0%,69
salario mensual,0,2,0%,69
calculadora pago seguridad social,0,2,0%,69.5
calcular los dias de vacaciones,0,2,0%,69.5
como sacar la liquidacion de un trabajador en colombia,0,2,0%,69.5
calculadora de vacaciones el salvador,0,2,0%,70
ver mis liquidaciones de sueldo,0,2,0%,70
calculadora de sueldo neto mexico,0,2,0%,70.5
calcular liquidacion de sueldo chile,0,2,0%,70.5
como sacar la liquidación de un empleado,0,2,0%,70.5
liquidacion de sueldo online,0,2,0%,70.5
calculadora de liquidacion seguridad social,0,2,0%,71
mi calculadora liquidación,0,2,0%,71
sueldo neto mexico calculadora,0,2,0%,71
como calcular el aguinaldo en el salvador,0,2,0%,71.5
calculadora de prima de antigüedad,0,2,0%,72
calculadora de sac,0,2,0%,72
calculo de aguinaldo el salvador,0,2,0%,72
calculo de cts truncas,0,2,0%,72
que significa sac en el recibo de sueldo,0,2,0%,72
calculadora liquida,0,2,0%,72.5
dias de vacaciones,0,2,0%,72.5
formulas liquidacion laboral,0,2,0%,72.5
cuanto pagan de vacaciones en colombia,0,2,0%,73
sueldo bruto calculo,0,2,0%,73
calculadora sueldo bruto a neto,0,2,0%,73.5
simulador de finiquito dt,0,2,0%,73.5
simulador indemnizacion,0,2,0%,73.5
calculo gratificacion legal,0,2,0%,74
cuanto es la liquidación de un mes,0,2,0%,74
sueldo bruto y neto,0,2,0%,74
calculadora de descuentos salariales,0,2,0%,74.5
calcular seguridad social por dias,0,2,0%,74.5
calcular sueldo neto mexico,0,2,0%,74.5
que es sac en el recibo de sueldo,0,2,0%,74.5
saldo de vacaciones 2023,0,2,0%,74.5
indemnizacion por despido,0,2,0%,75
calculadora pago planilla,0,2,0%,75.5
como calcular la liquidacion de un trabajador,0,2,0%,75.5
calculadora fini,0,2,0%,76
ingreso neto y bruto,0,2,0%,76
bruto mes,0,2,0%,76.5
calculadora bruto neto,0,2,0%,76.5
como saber mi sueldo neto,0,2,0%,76.5
cuanto se paga de vacaciones,0,2,0%,76.5
calcula tu salario,0,2,0%,77
cuanto me descuentan de mi sueldo,0,2,0%,77
liquidacion indemnizacion,0,2,0%,77
tabla de liquidacion,0,2,0%,77
calcular impuestos sueldo,0,2,0%,77.5
como sacar mi liquidacion,0,2,0%,77.5
cuanto es la liquidacion de un trabajador por año,0,2,0%,77.5
sueldo mensual bruto a neto,0,2,0%,77.5
calcula mi sueldo,0,2,0%,78
calculo liquidacion,0,2,0%,78
calcular aguinaldo online,0,2,0%,78.5
calcular liquidaciones de sueldo,0,2,0%,78.5
calculo nomina,0,2,0%,78.5
que es el sac en el recibo de sueldo,0,2,0%,78.5
calculo para indemnizacion,0,2,0%,79
como calcular las vacaciones no gozadas,0,2,0%,79
como sacar el sueldo neto del bruto,0,2,0%,79
cuantos dias de vacaciones,0,2,0%,79
liquidacion fin de año,0,2,0%,79
calculadora de sueldo neto méxico,0,2,0%,79.5
calcular cesantias 2025,0,2,0%,79.5
calcular liquidacion de sueldo online,0,2,0%,79.5
calcular salario de bruto a neto,0,2,0%,79.5
como calcular aguinaldo,0,2,0%,79.5
como saber cuanto debo recibir de liquidacion,0,2,0%,79.5
como se cuantos dias de vacaciones tengo,0,2,0%,79.5
cuanto es la liquidacion de 8 meses de trabajo,0,2,0%,79.5
dias de vacaciones proporcionales,0,2,0%,79.5
formula para calcular vacaciones en colombia,0,2,0%,79.5
liquidador cesantias,0,2,0%,79.5
30000 brutos a netos,0,2,0%,80
antiguedad laboral cuanto se paga,0,2,0%,80
calculadora de renta liquida,0,2,0%,80
calculo de salario mensual,0,2,0%,80
calculadora de remuneraciones chile,0,2,0%,80.5
cuanto es el descuento del sueldo bruto,0,2,0%,80.5
cuanto me pagan de liquidacion,0,2,0%,80.5
liquidacion por dias trabajados,0,2,0%,80.5
brutos a netos,0,2,0%,81
calcular nomina,0,2,0%,81
ejemplo calculo de vacaciones,0,2,0%,81
formula para vacaciones,0,2,0%,81
neto a bruto,0,2,0%,81
como se calcula la liquidación en colombia,0,2,0%,81.5
cuanto me corresponde de liquidacion por 1 año de trabajo,0,2,0%,81.5
calculadora de dias de vacaciones,0,2,0%,82
calculadora de indemnización argentina,0,2,0%,82
dias proporcionales,0,2,0%,82
calcula tu sueldo,0,2,0%,82.5
proporcional de vacaciones,0,2,0%,82.5
calculadora de semanas cotizadas,0,2,0%,83
como se calcula el aguinaldo proporcional,0,2,0%,83
dias de vacaciones mexico,0,2,0%,83
indemnización por antiguedad,0,2,0%,83
tabulador por despido injustificado,0,2,0%,83
liquidación de nómina,0,2,0%,83.5
calculadora sueldo base,0,2,0%,84
como se calcula una liquidacion laboral en mexico,0,2,0%,84
mexico severance calculation,0,2,0%,84
calculo de cotizaciones,0,2,0%,84.5
como se calcula el preaviso,0,2,0%,84.5
cuanto me toca de vacaciones 2023,0,2,0%,84.5
como sacar la liquidación de un empleado en colombia,0,2,0%,85
como se calcula la liquidacion,0,2,0%,85
liquidador de contrato,0,2,0%,85
calculadora art,0,2,0%,85.5
como se liquidan los feriados trabajados,0,2,0%,85.5
como se calcula el pago de vacaciones,0,2,0%,86
cuanto es la liquidacion de 6 meses,0,2,0%,86
simulador de finiquito por despido,0,2,0%,86
calcula tu sueldo neto,0,2,0%,86.5
calculadora de sueldos chile,0,2,0%,86.5
cuanto es la liquidación por despido,0,2,0%,86.5
indemnizacion despido,0,2,0%,86.5
simulador de finiquito chile,0,2,0%,86.5
tabulador vacaciones,0,2,0%,86.5
sueldo,0,2,0%,87
como saber cuantos dias de vacaciones tengo,0,2,0%,87.5
calculadora de indemnización por despido sin justa causa colombia,0,2,0%,88
calculo liquidacion de sueldo chile,0,2,0%,88
tabla de vacaciones 2024,0,2,0%,88
calculadora neto a bruto,0,2,0%,88.5
calculo seguridad social empresa,0,2,0%,88.5
calculadora de salario con prestaciones,0,2,0%,89
calculadora prestaciones de ley,0,2,0%,89
como calcular indemnizacion argentina,0,2,0%,89
como se calcula el sueldo,0,2,0%,89
calcular seguridad social empleado,0,2,0%,90
calcular vacaciones progresivas,0,2,0%,90.5
cuanto equivale una liquidación,0,2,0%,90.5
cuanto te descuentan del sueldo bruto,0,2,0%,90.5
finiquito por despido,0,2,0%,90.5
como calcular la liquidacion de un contrato a termino fijo,0,2,0%,91
cuanto es una liquidacion laboral,0,2,0%,91
cómo se calcula la liquidación por despido,0,2,0%,91
indemnización por despido calculo argentina,0,2,0%,91
calcular vacaciones pagas,0,2,0%,91.5
cuanto es una liquidacion de un año,0,2,0%,91.5
como calcular un finiquito por despido justificado,0,2,0%,92
cuanto es el pago de vacaciones,0,2,0%,92
calculo de indemnizacion 90 dias,0,2,0%,92.5
indemnización por despido con causa,0,2,0%,92.5
ipsruto a neto,0,2,0%,92.5
simular finiquito,0,2,0%,92.5
cuanto es de liquidacion por 6 meses,0,2,0%,93
cuanto me corresponde de vacaciones,0,2,0%,93
calculo de indemnizacion por accidente de trabajo en mexico,0,2,0%,93.5
calcular indemnizacion por despido sin causa,0,2,0%,94.5
calculo por despido justificado,0,2,0%,94.5
cuanto corresponde por vacaciones,0,2,0%,94.5
simulador de finiquito gratis,0,2,0%,94.5
calcular indemnización,0,2,0%,96
como liquidar vacaciones no gozadas,0,2,0%,97.5
cómo calcular vacaciones,0,2,0%,97.5
calcular mi liquidacion si renuncio,0,2,0%,98
como calcular la indemnizacion,0,2,0%,98
con que salario se calcula la indemnizacion por despido,0,2,0%,99
calculador de liquidacion 2026,0,1,0%,3
calculadora pago vacaciones,0,1,0%,3
salari neto,0,1,0%,3
calculador de vacaciones 2026,0,1,0%,4
calcular liquidación 2026,0,1,0%,4
calculadora pago neto,0,1,0%,5
20 horas semanales sueldo neto,0,1,0%,6
calculadora vacaciones 2026,0,1,0%,6
calculo de liquidacion honduras,0,1,0%,6
convertidor de liquidacion,0,1,0%,6
vacaciones calculadora 2026,0,1,0%,6
calculadora de pago neto,0,1,0%,7
calculo de liquidación 2026,0,1,0%,7
netos y brutos,0,1,0%,7
si gano 25000 brutos cuanto es neto,0,1,0%,7
calculadora salarial costa rica,0,1,0%,8
calculo de salario neto nicaragua,0,1,0%,8
calculo salario neto 2026,0,1,0%,8
cuanto es la liquidación de 8 meses con el mínimo 2026,0,1,0%,8
"""lugares para vacacionar"" ""honduras"" -site:reddit.com -site:twitter.com 
-site:x.com -site:wykop.pl -site:tripadvisor.com -site:youtube.com 
-site:yelp.com -site:booking.com -site:facebook.com -site:instagram.com 
-site:tiktok.com",0,1,0%,9
calculadora indemnización,0,1,0%,9
calculadora para liquidacion 2026,0,1,0%,9
calculadora para salario neto,0,1,0%,9
calcular pago mensual,0,1,0%,9
calculo de salario neto,0,1,0%,9
iut,0,1,0%,9
salario net,0,1,0%,9
calculadora de aguinaldo 2026,0,1,0%,10
calculadora de vacaciones perú,0,1,0%,10
calculadora liquidación nicaragua,0,1,0%,10
calculadora sueldo neto 2026,0,1,0%,10
calculo salario neto nicaragua,0,1,0%,10
pago neto calculadora,0,1,0%,10
por 8 meses de trabajo cuantas vacaciones me corresponden,0,1,0%,10
salario neto calculadora,0,1,0%,10
salario netos,0,1,0%,10
calcula liquidacion nicaragua,0,1,0%,11
calculadora de liquidación laboral guatemala,0,1,0%,11
calculadora del ministerio de trabajo costa rica,0,1,0%,11
dias gozados,0,1,0%,11
neto salario,0,1,0%,11
salario neto costa rica,0,1,0%,11
si mi salario es de,0,1,0%,11
cálculo de prestaciones laborales guatemala 2026,0,1,0%,12
calculo liquidacion laboral guatemala,0,1,0%,16
calculadora inss,0,1,0%,17
liquidacion costa rica,0,1,0%,18
calculadora salario neto costa rica,0,1,0%,19
calculadora de finiquito guatemala,0,1,0%,20
cálculo de,0,1,0%,20
liquidacion panama,0,1,0%,20
calculadora de liquidaciones,0,1,0%,21
calculadora de liquidacion en panama,0,1,0%,22
salario neto panama,0,1,0%,22
sueldo neto colombia,0,1,0%,22
calculadora de salario neto costa rica,0,1,0%,23
calculadora laboral peru,0,1,0%,23
calculadora liquidación perú,0,1,0%,23
liquidacion laboral calculadora,0,1,0%,23
calculadora de salario el salvador 2026,0,1,0%,24
calculadora liquidacion de sueldos,0,1,0%,24
calculo de aguinaldo nicaragua,0,1,0%,24
calculadora indemnización el salvador,0,1,0%,25
calculadora primas 2026,0,1,0%,25
calcular de liquidacion,0,1,0%,25
calculadora de horas extras nicaragua,0,1,0%,26
calcular salario en el salvador,0,1,0%,26
calculo prestaciones sociales colombia,0,1,0%,26
como se saca la liquidación en costa rica,0,1,0%,26
calculadora liquidacion peru,0,1,0%,27
calcular aguinaldo proporcional nicaragua,0,1,0%,27
calcular liquidación nicaragua 2025,0,1,0%,27
seguro cesantia afc,0,1,0%,27
vacaciones en panamá,0,1,0%,27
35000 brutos a netos,0,1,0%,28
calculadora de salario panama,0,1,0%,28
calcular renuncia,0,1,0%,28
calculo de salario neto el salvador,0,1,0%,28
calculo de salario panama,0,1,0%,28
decreto 76 78,0,1,0%,28
liquidación calculadora,0,1,0%,28
liquidación en costa rica,0,1,0%,28
cesantía calculo,0,1,0%,29
como sacar una liquidación en nicaragua,0,1,0%,29
cálculo de indemnización y prestaciones,0,1,0%,29
calculadora de prima 2026,0,1,0%,30
simulador de prima,0,1,0%,30
calculo de liquidación,0,1,0%,31
salario neto colombia,0,1,0%,31
calcular salario panama,0,1,0%,32
como se calcula el aguinaldo costa rica,0,1,0%,32
mpeso,0,1,0%,32
nicatributos,0,1,0%,32
calculadora beneficios sociales,0,1,0%,33
calcular cesantia costa rica,0,1,0%,33
liquidadora laboral,0,1,0%,33
vacaciones en nicaragua,0,1,0%,33
calculo de aguinaldo en honduras,0,1,0%,34
como calcular el aguinaldo proporcional en nicaragua,0,1,0%,34
que es afc chile,0,1,0%,34
calcular liquidación panamá,0,1,0%,35
calcular mi sueldo neto peru,0,1,0%,35
calcular prestaciones,0,1,0%,35
indemnización calculo,0,1,0%,35
indemnización por despido calculadora,0,1,0%,35
calculador laboral,0,1,0%,36
calculo para despido injustificado,0,1,0%,36
simulador de cesantias,0,1,0%,36
aguinaldo sac,0,1,0%,37
calculo de liquidacion peru,0,1,0%,37
calculo liquidacion laboral,0,1,0%,37
calculo liquidacion peru,0,1,0%,37
peso a peso nicaragua,0,1,0%,37
calculadora de sueldo neto peru,0,1,0%,38
calculo despido injustificado,0,1,0%,38
valor laboral,0,1,0%,38
calcular inss e ir en nicaragua,0,1,0%,39
calcular salario el salvador,0,1,0%,39
calcular sueldo neto colombia,0,1,0%,39
calculo de vacacion,0,1,0%,39
como calcular prestaciones laborales en guatemala,0,1,0%,39
sueldo bruto en argentina,0,1,0%,39
calculadora cts perú,0,1,0%,40
calculadora de quincena,0,1,0%,40
calculadora para liquidar vacaciones,0,1,0%,40
calculadora para prima,0,1,0%,40
calcular sueldo neto en peru,0,1,0%,40
calculo de prestaciones el salvador,0,1,0%,40
calculo de prestaciones laborales en honduras,0,1,0%,40
liquidacion final por renuncia calculadora,0,1,0%,40
articulo 306 codigo sustantivo del trabajo colombia,0,1,0%,41
calculadora de gratificación,0,1,0%,41
calculadora de horas extras en guatemala,0,1,0%,41
calculo prestaciones laborales honduras,0,1,0%,41
impuesto sobre renta,0,1,0%,41
calculadora para vacaciones,0,1,0%,42
calculadora renta costa rica,0,1,0%,42
calculo ir e inss,0,1,0%,42
como calcular el aguinaldo costa rica,0,1,0%,42
como calcular una liquidacion,0,1,0%,42
contrato on line,0,1,0%,42
liquidación total,0,1,0%,42
afp cesantia,0,1,0%,43
calculadora de aguinaldo el salvador,0,1,0%,43
calculadora de aguinaldo y prima vacacional,0,1,0%,43
calculadora salario el salvador,0,1,0%,43
como calcular una indemnización,0,1,0%,43
como se calcula la antiguedad en nicaragua,0,1,0%,43
cuanto es el impuesto sobre la renta en panama,0,1,0%,43
de bruto a neto argentina,0,1,0%,43
porcentaje del igss,0,1,0%,43
salario bruto a neto argentina,0,1,0%,43
vacaciones en el salvador,0,1,0%,43
articulo 241 del et,0,1,0%,44
calculadora de gratificación perú,0,1,0%,44
calculadora de liquidacion mtss,0,1,0%,44
calculadora gratificacion peru,0,1,0%,44
calculadora para liquidar licencia de maternidad panamá,0,1,0%,44
calculadora sac,0,1,0%,44
calculo de isss y afp,0,1,0%,44
calculo de vacaciones guatemala,0,1,0%,44
como se calcula el seguro de cesantía en una liquidación,0,1,0%,44
contracto,0,1,0%,44
calcular liquidacion laboral mexico,0,1,0%,45
calcular vacaciones costa rica,0,1,0%,45
copia contrato de trabajo,0,1,0%,45
cómo calcular liquidación guardia seguridad chile 2026,0,1,0%,45
primas calculadora,0,1,0%,45